"rand_point";"fid";"TYPE_1";"altitud"
3;1;"Islas del dragon";1657
23;1;"Islas del dragon";1623
39;1;"Islas del dragon";2066
48;1;"Islas del dragon";1187
51;1;"Islas del dragon";1185
67;1;"Islas del dragon";1549
81;1;"Islas del dragon";1428
90;1;"Islas del dragon";2067
95;1;"Islas del dragon";2255
107;1;"Islas del dragon";2049
111;1;"Islas del dragon";1581
117;1;"Islas del dragon";2102
124;1;"Islas del dragon";2048
128;1;"Islas del dragon";1194
129;1;"Islas del dragon";1212
131;1;"Islas del dragon";1110
139;1;"Islas del dragon";1139
141;1;"Islas del dragon";1297
147;1;"Islas del dragon";1233
151;1;"Islas del dragon";3190
169;1;"Islas del dragon";1340
170;1;"Islas del dragon";1591
172;1;"Islas del dragon";1240
175;1;"Islas del dragon";1939
186;1;"Islas del dragon";1341
194;1;"Islas del dragon";1264
201;1;"Islas del dragon";1451
206;1;"Islas del dragon";1304
207;1;"Islas del dragon";1312
211;1;"Islas del dragon";1454
213;1;"Islas del dragon";1348
220;1;"Islas del dragon";1801
232;1;"Islas del dragon";1553
233;1;"Islas del dragon";1488
247;1;"Islas del dragon";2068
248;1;"Islas del dragon";1405
262;1;"Islas del dragon";1652
263;1;"Islas del dragon";2082
270;1;"Islas del dragon";1848
275;1;"Islas del dragon";1304
282;1;"Islas del dragon";1194
294;1;"Islas del dragon";1124
298;1;"Islas del dragon";1352
301;1;"Islas del dragon";1152
310;1;"Islas del dragon";1499
315;1;"Islas del dragon";1449
325;1;"Islas del dragon";2081
337;1;"Islas del dragon";2801
341;1;"Islas del dragon";1395
350;1;"Islas del dragon";1259
356;1;"Islas del dragon";2053
360;1;"Islas del dragon";1194
364;1;"Islas del dragon";1399
366;1;"Islas del dragon";1568
375;1;"Islas del dragon";2314
384;1;"Islas del dragon";1819
389;1;"Islas del dragon";1479
390;1;"Islas del dragon";1747
396;1;"Islas del dragon";1128
397;1;"Islas del dragon";1922
398;1;"Islas del dragon";2099
412;1;"Islas del dragon";1228
413;1;"Islas del dragon";1245
426;1;"Islas del dragon";1507
434;1;"Islas del dragon";2246
435;1;"Islas del dragon";1885
451;1;"Islas del dragon";1289
456;1;"Islas del dragon";2411
457;1;"Islas del dragon";1802
459;1;"Islas del dragon";1131
468;1;"Islas del dragon";1559
470;1;"Islas del dragon";1732
491;1;"Islas del dragon";1232
497;1;"Islas del dragon";1456
